{
  "timestamp": "2026-04-19T14:51:25.673260",
  "model": "Isotonic/TinyMixtral-4x248M-MoE",
  "num_samples": 128,
  "num_layers": 12,
  "num_experts": 4,
  "metrics": {
    "magnitude": {
      "layer_0_expert_0": 0.6353015635206397,
      "layer_0_expert_1": 0.5582530137891821,
      "layer_0_expert_2": 0.004398602402103198,
      "layer_0_expert_3": 0.640617759589444,
      "layer_1_expert_0": 0.6816465816526014,
      "layer_1_expert_1": 0.7254394069913798,
      "layer_1_expert_2": 0.02381326556445548,
      "layer_1_expert_3": 0.6668294165200866,
      "layer_2_expert_0": 0.6242777563883689,
      "layer_2_expert_1": 0.618473360869898,
      "layer_2_expert_2": 0.03203311710198946,
      "layer_2_expert_3": 0.6362161228377672,
      "layer_3_expert_0": 0.6743884805495239,
      "layer_3_expert_1": 0.7046118995749638,
      "layer_3_expert_2": 0.027898130810573102,
      "layer_3_expert_3": 0.6968305260198373,
      "layer_4_expert_0": 0.737524088396328,
      "layer_4_expert_1": 0.7808809776317057,
      "layer_4_expert_2": 0.025831229679369575,
      "layer_4_expert_3": 0.7362779202161264,
      "layer_5_expert_0": 0.7098643801516914,
      "layer_5_expert_1": 0.7403156350195935,
      "layer_5_expert_2": 0.02361563111330096,
      "layer_5_expert_3": 0.7097209508709531,
      "layer_6_expert_0": 0.744862583055101,
      "layer_6_expert_1": 0.7276990579559078,
      "layer_6_expert_2": 0.024682104245906226,
      "layer_6_expert_3": 0.810277936535958,
      "layer_7_expert_0": 0.7844701453405664,
      "layer_7_expert_1": 0.8224289152932684,
      "layer_7_expert_2": 0.02908428461657912,
      "layer_7_expert_3": 0.8576306279871192,
      "layer_8_expert_0": 0.8225556169916217,
      "layer_8_expert_1": 0.74302852276953,
      "layer_8_expert_2": 0.030691437674713936,
      "layer_8_expert_3": 0.8464775929104851,
      "layer_9_expert_0": 0.9130382240761784,
      "layer_9_expert_1": 0.810801532838285,
      "layer_9_expert_2": 0.04118360267966627,
      "layer_9_expert_3": 0.9041555009756169,
      "layer_10_expert_0": 0.9428181782013438,
      "layer_10_expert_1": 0.7601459933512921,
      "layer_10_expert_2": 0.04131253026108242,
      "layer_10_expert_3": 0.87580324949663,
      "layer_11_expert_0": 0.9597968420468872,
      "layer_11_expert_1": 0.813180282708827,
      "layer_11_expert_2": 0.06618902471495142,
      "layer_11_expert_3": 0.8698219060447874
    },
    "signed": {
      "layer_0_expert_0": 55.174405859326136,
      "layer_0_expert_1": 55.66976716584247,
      "layer_0_expert_2": 0.0032362228768060986,
      "layer_0_expert_3": 52.85873802050512,
      "layer_1_expert_0": 28.127173122578498,
      "layer_1_expert_1": 24.717403799308812,
      "layer_1_expert_2": 0.014449313996271789,
      "layer_1_expert_3": 26.859140423187164,
      "layer_2_expert_0": 27.22698212789427,
      "layer_2_expert_1": 23.48531749727382,
      "layer_2_expert_2": 0.0272393039449434,
      "layer_2_expert_3": 25.10455170440236,
      "layer_3_expert_0": 41.38825422256176,
      "layer_3_expert_1": 32.89263334250975,
      "layer_3_expert_2": 0.026752314592735808,
      "layer_3_expert_3": 34.835675371010346,
      "layer_4_expert_0": 54.75232737160202,
      "layer_4_expert_1": 43.29107721233132,
      "layer_4_expert_2": 0.030026195000173356,
      "layer_4_expert_3": 45.077755542540764,
      "layer_5_expert_0": 70.42999328641356,
      "layer_5_expert_1": 60.40496958980012,
      "layer_5_expert_2": 0.036816818056313476,
      "layer_5_expert_3": 58.491889549678746,
      "layer_6_expert_0": 90.78163783423588,
      "layer_6_expert_1": 78.68956730769584,
      "layer_6_expert_2": 0.04890204132913738,
      "layer_6_expert_3": 76.42690376277704,
      "layer_7_expert_0": 103.48038151823995,
      "layer_7_expert_1": 98.06970104445315,
      "layer_7_expert_2": 0.10135874107431501,
      "layer_7_expert_3": 87.7739709183109,
      "layer_8_expert_0": 127.71299243898395,
      "layer_8_expert_1": 126.10352516412368,
      "layer_8_expert_2": 0.1344083529580763,
      "layer_8_expert_3": 102.91971659298419,
      "layer_9_expert_0": 155.6782817488444,
      "layer_9_expert_1": 147.05314494333928,
      "layer_9_expert_2": 0.22509746285595575,
      "layer_9_expert_3": 95.84696883537143,
      "layer_10_expert_0": 300.25502693168613,
      "layer_10_expert_1": 241.37220569447848,
      "layer_10_expert_2": 0.33697914605043616,
      "layer_10_expert_3": 109.92166686124948,
      "layer_11_expert_0": 315.3462895672204,
      "layer_11_expert_1": 283.6615879150934,
      "layer_11_expert_2": 0.551628848411396,
      "layer_11_expert_3": 86.62593167831758
    },
    "count": {
      "layer_0_expert_0": 31976,
      "layer_0_expert_1": 19589,
      "layer_0_expert_2": 15505,
      "layer_0_expert_3": 16898,
      "layer_1_expert_0": 14198,
      "layer_1_expert_1": 28943,
      "layer_1_expert_2": 23458,
      "layer_1_expert_3": 17369,
      "layer_2_expert_0": 14567,
      "layer_2_expert_1": 27114,
      "layer_2_expert_2": 16147,
      "layer_2_expert_3": 26140,
      "layer_3_expert_0": 9719,
      "layer_3_expert_1": 26585,
      "layer_3_expert_2": 23156,
      "layer_3_expert_3": 24508,
      "layer_4_expert_0": 10075,
      "layer_4_expert_1": 26235,
      "layer_4_expert_2": 28154,
      "layer_4_expert_3": 19504,
      "layer_5_expert_0": 8696,
      "layer_5_expert_1": 26898,
      "layer_5_expert_2": 25416,
      "layer_5_expert_3": 22958,
      "layer_6_expert_0": 11801,
      "layer_6_expert_1": 16590,
      "layer_6_expert_2": 29099,
      "layer_6_expert_3": 26478,
      "layer_7_expert_0": 8552,
      "layer_7_expert_1": 17467,
      "layer_7_expert_2": 33228,
      "layer_7_expert_3": 24721,
      "layer_8_expert_0": 15335,
      "layer_8_expert_1": 10416,
      "layer_8_expert_2": 32196,
      "layer_8_expert_3": 26021,
      "layer_9_expert_0": 18958,
      "layer_9_expert_1": 9127,
      "layer_9_expert_2": 36505,
      "layer_9_expert_3": 19378,
      "layer_10_expert_0": 23916,
      "layer_10_expert_1": 5227,
      "layer_10_expert_2": 37007,
      "layer_10_expert_3": 17818,
      "layer_11_expert_0": 21226,
      "layer_11_expert_1": 2361,
      "layer_11_expert_2": 37613,
      "layer_11_expert_3": 22768
    }
  }
}