{
  "timestamp": "2026-04-02T17:36:22.294850",
  "model": "Isotonic/TinyMixtral-4x248M-MoE",
  "baseline_perplexity": 800.3794960008256,
  "num_layers": 12,
  "num_experts": 4,
  "sensitivity": {
    "layer_0_expert_0": 188.20263777001355,
    "layer_0_expert_1": 89.77208544953567,
    "layer_0_expert_2": -155.67908772464523,
    "layer_0_expert_3": 87.85441474837114,
    "layer_1_expert_0": 31.654618155627986,
    "layer_1_expert_1": 44.262408765180794,
    "layer_1_expert_2": -79.12835852206786,
    "layer_1_expert_3": 38.52311804965416,
    "layer_2_expert_0": 18.062874167288555,
    "layer_2_expert_1": 41.052311593203285,
    "layer_2_expert_2": -80.88619295185151,
    "layer_2_expert_3": 47.8693631969345,
    "layer_3_expert_0": 21.99277004404314,
    "layer_3_expert_1": 67.19620163598813,
    "layer_3_expert_2": -110.62794168548726,
    "layer_3_expert_3": 60.22381304798398,
    "layer_4_expert_0": 43.61935397052298,
    "layer_4_expert_1": 115.04321685617651,
    "layer_4_expert_2": -152.45331809581967,
    "layer_4_expert_3": 50.00251209519422,
    "layer_5_expert_0": 36.065439840874774,
    "layer_5_expert_1": 101.3073689027558,
    "layer_5_expert_2": -162.2026930057168,
    "layer_5_expert_3": 60.80131445107338,
    "layer_6_expert_0": 55.556549552437446,
    "layer_6_expert_1": 58.32684042204073,
    "layer_6_expert_2": -156.94277312641043,
    "layer_6_expert_3": 91.69198101549875,
    "layer_7_expert_0": 36.59442531755792,
    "layer_7_expert_1": 105.26665373140884,
    "layer_7_expert_2": -162.95535056015137,
    "layer_7_expert_3": 108.89897799852258,
    "layer_8_expert_0": 42.71284716078492,
    "layer_8_expert_1": 43.22312790737044,
    "layer_8_expert_2": -94.33031310110175,
    "layer_8_expert_3": 80.85006222687059,
    "layer_9_expert_0": 54.45849148747618,
    "layer_9_expert_1": 29.21162083951242,
    "layer_9_expert_2": -84.70836952632499,
    "layer_9_expert_3": 51.72872801964411,
    "layer_10_expert_0": 123.48064371152736,
    "layer_10_expert_1": 14.460915098913802,
    "layer_10_expert_2": -107.58959257778372,
    "layer_10_expert_3": 50.47811071848025,
    "layer_11_expert_0": 190.37858100982794,
    "layer_11_expert_1": -1.1776471031140545,
    "layer_11_expert_2": -89.11069771093821,
    "layer_11_expert_3": 32.06541073482617
  }
}