{
  "summary": {
    "num_layers": 12,
    "num_experts": 4,
    "per_layer_stats": {
      "0": {
        "total_activations": 39806,
        "most_used_expert": 0,
        "least_used_expert": 2,
        "load_balance_std": 3450.609375,
        "expert_counts": [
          14894,
          8885,
          6864,
          9163
        ]
      },
      "1": {
        "total_activations": 39806,
        "most_used_expert": 1,
        "least_used_expert": 0,
        "load_balance_std": 2518.739501953125,
        "expert_counts": [
          7896,
          13057,
          10945,
          7908
        ]
      },
      "2": {
        "total_activations": 39806,
        "most_used_expert": 3,
        "least_used_expert": 2,
        "load_balance_std": 2675.707275390625,
        "expert_counts": [
          8355,
          11895,
          7031,
          12525
        ]
      },
      "3": {
        "total_activations": 39806,
        "most_used_expert": 3,
        "least_used_expert": 0,
        "load_balance_std": 2750.78076171875,
        "expert_counts": [
          6592,
          11060,
          9121,
          13033
        ]
      },
      "4": {
        "total_activations": 39806,
        "most_used_expert": 2,
        "least_used_expert": 0,
        "load_balance_std": 2344.580322265625,
        "expert_counts": [
          6609,
          10035,
          11607,
          11555
        ]
      },
      "5": {
        "total_activations": 39806,
        "most_used_expert": 3,
        "least_used_expert": 0,
        "load_balance_std": 3070.49853515625,
        "expert_counts": [
          5360,
          11453,
          11202,
          11791
        ]
      },
      "6": {
        "total_activations": 39806,
        "most_used_expert": 3,
        "least_used_expert": 0,
        "load_balance_std": 3030.72314453125,
        "expert_counts": [
          6637,
          8144,
          12208,
          12817
        ]
      },
      "7": {
        "total_activations": 39806,
        "most_used_expert": 2,
        "least_used_expert": 0,
        "load_balance_std": 3413.5595703125,
        "expert_counts": [
          5746,
          8874,
          13631,
          11555
        ]
      },
      "8": {
        "total_activations": 39806,
        "most_used_expert": 2,
        "least_used_expert": 1,
        "load_balance_std": 2850.672607421875,
        "expert_counts": [
          8266,
          6993,
          13274,
          11273
        ]
      },
      "9": {
        "total_activations": 39806,
        "most_used_expert": 2,
        "least_used_expert": 1,
        "load_balance_std": 3407.96875,
        "expert_counts": [
          9278,
          7151,
          14891,
          8486
        ]
      },
      "10": {
        "total_activations": 39806,
        "most_used_expert": 2,
        "least_used_expert": 1,
        "load_balance_std": 4544.568359375,
        "expert_counts": [
          11359,
          4746,
          15433,
          8268
        ]
      },
      "11": {
        "total_activations": 39806,
        "most_used_expert": 2,
        "least_used_expert": 1,
        "load_balance_std": 6062.01904296875,
        "expert_counts": [
          11524,
          1863,
          16459,
          9960
        ]
      }
    }
  },
  "collaboration_matrices": {
    "0": [
      [
        14894.0,
        6428.0,
        2903.0,
        5563.0
      ],
      [
        6428.0,
        8885.0,
        1409.0,
        1048.0
      ],
      [
        2903.0,
        1409.0,
        6864.0,
        2552.0
      ],
      [
        5563.0,
        1048.0,
        2552.0,
        9163.0
      ]
    ],
    "1": [
      [
        7896.0,
        3714.0,
        2758.0,
        1424.0
      ],
      [
        3714.0,
        13057.0,
        5523.0,
        3820.0
      ],
      [
        2758.0,
        5523.0,
        10945.0,
        2664.0
      ],
      [
        1424.0,
        3820.0,
        2664.0,
        7908.0
      ]
    ],
    "2": [
      [
        8355.0,
        3245.0,
        1667.0,
        3443.0
      ],
      [
        3245.0,
        11895.0,
        2466.0,
        6184.0
      ],
      [
        1667.0,
        2466.0,
        7031.0,
        2898.0
      ],
      [
        3443.0,
        6184.0,
        2898.0,
        12525.0
      ]
    ],
    "3": [
      [
        6592.0,
        2003.0,
        1726.0,
        2863.0
      ],
      [
        2003.0,
        11060.0,
        3141.0,
        5916.0
      ],
      [
        1726.0,
        3141.0,
        9121.0,
        4254.0
      ],
      [
        2863.0,
        5916.0,
        4254.0,
        13033.0
      ]
    ],
    "4": [
      [
        6609.0,
        1907.0,
        2473.0,
        2229.0
      ],
      [
        1907.0,
        10035.0,
        3968.0,
        4160.0
      ],
      [
        2473.0,
        3968.0,
        11607.0,
        5166.0
      ],
      [
        2229.0,
        4160.0,
        5166.0,
        11555.0
      ]
    ],
    "5": [
      [
        5360.0,
        1836.0,
        1887.0,
        1637.0
      ],
      [
        1836.0,
        11453.0,
        4389.0,
        5228.0
      ],
      [
        1887.0,
        4389.0,
        11202.0,
        4926.0
      ],
      [
        1637.0,
        5228.0,
        4926.0,
        11791.0
      ]
    ],
    "6": [
      [
        6637.0,
        1567.0,
        2581.0,
        2489.0
      ],
      [
        1567.0,
        8144.0,
        2938.0,
        3639.0
      ],
      [
        2581.0,
        2938.0,
        12208.0,
        6689.0
      ],
      [
        2489.0,
        3639.0,
        6689.0,
        12817.0
      ]
    ],
    "7": [
      [
        5746.0,
        1460.0,
        2480.0,
        1806.0
      ],
      [
        1460.0,
        8874.0,
        4408.0,
        3006.0
      ],
      [
        2480.0,
        4408.0,
        13631.0,
        6743.0
      ],
      [
        1806.0,
        3006.0,
        6743.0,
        11555.0
      ]
    ],
    "8": [
      [
        8266.0,
        2154.0,
        3838.0,
        2274.0
      ],
      [
        2154.0,
        6993.0,
        2638.0,
        2201.0
      ],
      [
        3838.0,
        2638.0,
        13274.0,
        6798.0
      ],
      [
        2274.0,
        2201.0,
        6798.0,
        11273.0
      ]
    ],
    "9": [
      [
        9278.0,
        2311.0,
        5680.0,
        1287.0
      ],
      [
        2311.0,
        7151.0,
        3426.0,
        1414.0
      ],
      [
        5680.0,
        3426.0,
        14891.0,
        5785.0
      ],
      [
        1287.0,
        1414.0,
        5785.0,
        8486.0
      ]
    ],
    "10": [
      [
        11359.0,
        1938.0,
        7648.0,
        1773.0
      ],
      [
        1938.0,
        4746.0,
        2049.0,
        759.0
      ],
      [
        7648.0,
        2049.0,
        15433.0,
        5736.0
      ],
      [
        1773.0,
        759.0,
        5736.0,
        8268.0
      ]
    ],
    "11": [
      [
        11524.0,
        807.0,
        8389.0,
        2328.0
      ],
      [
        807.0,
        1863.0,
        747.0,
        309.0
      ],
      [
        8389.0,
        747.0,
        16459.0,
        7323.0
      ],
      [
        2328.0,
        309.0,
        7323.0,
        9960.0
      ]
    ]
  },
  "top_collaborations": {
    "0": [
      {
        "expert_i": 0,
        "expert_j": 1,
        "count": 6428
      },
      {
        "expert_i": 0,
        "expert_j": 3,
        "count": 5563
      },
      {
        "expert_i": 0,
        "expert_j": 2,
        "count": 2903
      },
      {
        "expert_i": 2,
        "expert_j": 3,
        "count": 2552
      },
      {
        "expert_i": 1,
        "expert_j": 2,
        "count": 1409
      },
      {
        "expert_i": 1,
        "expert_j": 3,
        "count": 1048
      }
    ],